Claves_de_serie,Descripción_de_la_serie
99,"Partos atendidos con asistencia de personal sanitario calificado"
100,"Total de partos atendidos"
293,"Defunciones en la población menor de 5 años de edad"
359,"Mujeres titulares de una curul en la Cámara"
360,"Total de curules en la Cámara"
363,"Producto Interno Bruto real per cápita"
364,"Producto Interno Bruto a precios constantes"
370,"Población de 5 a 17 años con una ocupación no permitida"
371,"Población de 5 a 17 años"
385,"Población cuya fuente primaria de energía son los combustibles y tecnologías limpias"
386,"Población total"
388,"Consumo de energía renovable"
389,"Consumo total de energía"
391,"Consumo final de energía primaria u oferta interna bruta de energía primaria"
392,"Producto Interno Bruto trimestral anualizado, a precios corrientes, base 2018"
397,"Accidentes y enfermedades de trabajo"
398,"Trabajadores con seguro de riesgo de trabajo"
431,"Caudal de agua residual tratada de origen municipal, m3/s"
432,"Caudal de agua residual tratada de origen industrial, m3/s"
433,"Caudal de agua residual generada de origen municipal, m3/s"
434,"Caudal de agua residual generada de origen industrial, m3/s"
450,"Superficie de bosques y selvas existentes en el país"
451,"Superficie terrestre nacional"
483,"Valor agregado por manufactura real"
487,"Producto Interno Bruto trimestral anualizado, a precios corrientes, base 2018"
501,"Gasto en investigación y desarrollo experimental"
502,"Producto Interno Bruto trimestral anualizado, a precios corrientes, base 2018"
532,"Nacidos vivos"
538,"Población total"
554,"Población total a mitad de año"
559,"Población total"
571,"Número de muertes por lesiones debidas a accidentes de tráfico"
572,"Población total a mitad de año"
595,"Población con inseguridad alimentaria moderada o severa"
596,"Población total"
600,"Personas que utilizan teléfonos móviles"
605,"Población estimada al cierre del año"
606,"Prevalencia de uso de métodos anticonceptivos modernos en mujeres en edad fértil (15 a 49 años) unidas"
607,"Mujeres en edad fértil (15 a 49 años) unidas usuarias de métodos anticonceptivos modernos"
608,"Mujeres en edad fértil (15 a 49 años) unidas"
609,"Demanda total de anticoncepción en mujeres unidas en edad fértil (15 a 49 años)"
610,"Necesidad insatisfecha de métodos anticonceptivos en mujeres en edad fértil (15 a 49 años) unidas"
611,"Mujeres en edad fértil (15 a 49 años) unidas que desean espaciar o limitar el nacimiento de próximos hijos(as), pero no hacen uso de método anticonceptivo alguno"
612,"Prevalencia de uso de cualquier método anticonceptivo en mujeres en edad fértil (15 a 49 años) unidas"
613,"Mujeres en edad fértil (15 a 49 años) unidas usuarias de cualquier método anticonceptivo"
614,"Total de hijos(as) nacidos(as) vivos(as) en las niñas y adolescentes (de 10 a 14 años)"
615,"Niñas y adolescentes (de 10 a 14 años) a mitad de año"
617,"Total de hijos(as) nacidos(as) vivos(as) en las adolescentes (de 15 a 19 años)"
618,"Adolescentes (de 15 a 19 años) a mitad de año"
628,"INPC (2011=100, agosto de cada año)"
629,"Deflactor (base 2011=100)"
630,"Canasta mensual (1.90 dlls)"
631,"PIB a precios corrientes"
632,"Consumo privado a precios corrientes"
633,"Propensión marginal a consumir (ConsPr/PIB)"
634,"Población total"
637,"Población en pobreza"
641,"Población que vive por debajo del umbral nacional de la pobreza, desglosada por sexo y edad"
642,"Población total"
643,"Población de hombres, mujeres y niños de todas las edades que viven en la pobreza en todas sus dimensiones, con arreglo a las definiciones nacionales"
644,"Población total"
648,"Número de defunciones por homicidio registradas (por entidad de registro) durante el año"
649,"Población a mitad de año en la entidad federativa (Proyecciones CONAPO)"
653,"Mujeres titulares de las gubernaturas"
654,"Total de gobernadoras y gobernadores"
668,"Ingresos por remesas"
669,"PIB Promedio trimestral no anualizado"
706,"Población total"
759,"Gasto Neto Total del Gobierno Central Observado - Costo Financiero de la Deuda del Gobierno Central Observado"
760,"Gasto Neto Total del Gobierno Central Observado"
761,"Costo Financiero de la Deuda del Gobierno Central Observado"
762,"Gasto Neto Total del Gobierno Central Aprobado - Costo Financiero de la Deuda del Gobierno Central Aprobado"
763,"Gasto Neto Total del Gobierno Central Aprobado"
764,"Costo Financiero de la Deuda del Gobierno Central Aprobado"
767,"Ingresos tributarios del sector público"
768,"Gasto neto presupuestario del sector público"
770,"Costo Financiero de la deuda pública externa"
771,"Amortizaciones de la deuda pública externa"
772,"Exportaciones de Bienes y Servicios"
773,"Exportación de Bienes"
774,"Exportación de Servicios"
778,"Número de sucursales bancarias"
779,"Población de 18 años o más"
781,"Número de cajeros automáticos"
782,"Población de 18 años o más"
788,"Gasto ejercido correspondiente a las funciones de salud, educación y protección social"
789,"Gasto ejercido correspondiente a las funciones de salud"
790,"Gasto ejercido correspondiente a las funciones de educación"
791,"Gasto ejercido correspondiente a las funciones de protección social"
792,"Gasto Neto Total"
794,"Defunciones de mujeres mientras se encuentran embarazadas o dentro de los 42 días siguientes a la terminación del embarazo"
795,"Nacidos vivos"
828,"Usuarios de Internet"
829,"Población estimada al cierre del año"
831,"Usuarios de Internet"
832,"Población estimada al cierre del año"
839,"Ingresos"
840,"Producto Interno Bruto trimestral anualizado, a precios corrientes, base 2018"
844,"Producto Interno Bruto directo turístico"
845,"Producto Interno Bruto total"
846,"Producto Interno Bruto real"
852,"Población que vive por debajo del umbral internacional de la pobreza"
853,"Población total"
855,"Población con inseguridad alimentaria moderada o severa"
856,"Población total"
859,"Alumnos de primer grado de primaria con al menos un grado de preescolar cursado"
860,"Matrícula total de primer grado de primaria"
861,"Población participante en la enseñanza académica y no académica y entrenamiento en el grupo de edad de 15 a 24 años"
862,"Población total (15 a 24 años)"
863,"Población total de 15 a 24 años"
864,"Población alfabeta de 15 a 24 años"
865,"Número de maestros con formación y práctica docente en preescolar"
866,"Número total de maestros en preescolar"
868,"Número de maestros con formación y práctica docente en primaria"
869,"Número total de maestros en primaria"
871,"Número de maestros con formación y práctica docente en secundaria"
872,"Número total de maestros en secundaria"
874,"Escuelas con energía eléctrica"
877,"Escuelas con conexión a internet"
880,"Escuelas con equipos de cómputo en funcionamiento"
886,"Escuelas con conexión a la red pública de agua"
907,"Superficie montañosa cubierta por bosques, pastizales o matorrales, o tierras de cultivo Km<sup>2</sup>"
908,"Superficie montañosa total Km<sup>2</sup>"
909,"Población total"
925,"Total de escuelas"
926,"Escuelas con infraestructura adaptada para discapacidad"
928,"Escuelas con materiales adaptados para discapacidad"
929,"Escuelas con sanitarios independientes"
931,"Escuelas con lavabo de manos"
933,"Población de adolescentes y adultos reclusos sin sentencia"
934,"Población total de adolescentes y adultos reclusos"
936,"Población de 18 años y más víctimas de delitos violentos que informaron su victimización a autoridades competentes u otros mecanismos de resolución de conflictos reconocidos oficialmente"
937,"Población de 18 años y más víctima de violencia física o sexual"
939,"Total de unidades económicas que reportaron ser víctima de algún acto de corrupción por parte de un empleado de gobierno, servidor público, una tercera persona o coyote a nombre de un empleado de gobierno o servidor público"
940,"Total de unidades económicas"
945,"Población de 18 años y más que reportó haber sido víctima de robo en la calle o el transporte público (con o sin violencia), o que reportó haber sido víctima del delito de agresión física donde estuvieron presentes al momento de la ocurrencia del delito o que pudieron presenciar éste, o que reportó haber sido víctima de robo total o parcial de auto o de robo en forma distinta a la anterior que estuvieron presentes al momento de la ocurrencia del delito o que pudieron presenciar éste y los delincuentes le hayan causado alguna lesión con un arma o hayan utilizado otro tipo de violencia física o el principal daño sufrido por el delito fue físico"
948,"Población de 18 años y más que reportó haber sido víctima de alguien que en contra de su voluntad lo(a) haya agredido mediante hostigamiento sexual, manoseo, exhibicionismo o intento de violación o que fueron obligados(as) mediante violencia física o amenaza por alguien conocido o desconocido a tener una actividad sexual no deseada"
949,"Población de 18 años y más"
964,"Eficiencia en el uso del agua del año i (pesos/m3)"
967,"Extracción total de agua dulce, en millones de metros cúbicos"
968,"Recursos renovables totales de agua dulce, en millones de metros cúbicos"
969,"Requisitos de caudales ambientales, en millones de metros cúbicos"
971,"Entorno Propicio"
972,"Instituciones y Participación"
973,"Instrumentos de Gestión"
974,"Financiación"
976,"Superficie total de las cuencas/sub-cuencas transfronterizas de ríos y lagos que son objeto de acuerdos operativos dentro del territorio del país  (en km2)"
977,"Superficie de acuíferos transfronterizos que son objeto de acuerdos operativos dentro del territorio del país (en km2)"
978,"Superficie total de las cuencas transfronterizas de ríos y lagos dentro del territorio del país (en km2)"
979,"Superficie total de los acuíferos transfronterizos (en km2)"
981,"Población de 18 años y más vícitma de corrupción en al menos un trámite, pago o solicitud de servicio realizado personalmente"
982,"Población de 18 años y más que realizó al menos un trámite, pago o solicitud de servicio personalmente con un servidor público"
991,"Personas muertas por la ocurrencia de desastres"
992,"Personas desaparecidas por la ocurrencia de desastres"
993,"Personas afectadas por la ocurrencia de desastres"
994,"Población total"
998,"Número de cuerpos de agua clasificados con buena calidad del agua"
999,"Número total de cuerpos de agua considerados y clasificados"
1078,"Total de accesos del servicio fijo de Internet"
1079,"Población estimada de cada trimestre"
1081,"Población que vive por debajo del umbral internacional de la pobreza"
1082,"Población total"
1089,"Población de 18 años y más que identifica a la policía estatal y manifiesta que le inspira mucha y algo de confianza"
1090,"Población de 18 años y más que identifica a la policía estatal"
1091,"Población de 18 años y más que identifica a los Ministerios Públicos y Procuradurías y manifiesta que le inspira mucha y algo de confianza"
1092,"Población de 18 años y más que identifica a los Ministerios Públicos y Procuradurías"
1095,"Población de 18 años y más que identifica a los jueces y manifestó que estos le inspiran mucha confianza o algo de confianza"
1096,"Población de 18 años y más que identifica a los jueces"
1097,"Mujeres y niñas de 15 años o más que han experimentado al menos un acto de violencia y pidieron apoyo a alguna institución o presentaron una queja o denuncia ante alguna autoridad."
1098,"Total de mujeres y niñas de 15 años o más que han experimentado al menos un acto de violencia"
1101,"Personas de 18 años y más que respondieron estar satisfechas y muy satisfechas con el servicio de calles y avenidas"
1102,"Población de 18 años y más que habita en áreas urbanas de cien mil habitantes y más"
1103,"Puestos de trabajo ocupados totales del sector de la cultura del año t"
1104,"Puestos de trabajo ocupados totales del sector de la cultura del año t-1"
1106,"Población de 18 años y más que reportó haber sido victíma de al menos un delito durante el año"
1107,"Población de 18 años y más"
1109,"Total de unidades económicas víctimas de por lo menos un delito"
1110,"Total de unidades económicas"
1112,"Delitos denunciados ante el Ministerio Público en el que el trato recibido por parte de este al momento de la denuncia fue calificado como bueno o excelente"
1113,"Total de delitos denunciados ante el Ministerio Público"
1114,"Población que tiene acceso al agua entubada diariamente así como al saneamiento básico"
1115,"Población total"
1120,"Personal Ocupado Total"
1121,"Personal Ocupado Total Generado por la MIPYMES"
1122,"Ingresos propios (provenientes de impuestos, contribuciones de mejora, cuotas y aportaciones de seguridad social, derechos, productos, aprovechamientos y otros ingresos"
1123,"Ingresos Totales"
1127,"Personas de 18 años y más que respondieron estar satisfechas y muy satisfechas con el servicio de recolección de basura"
1128,"Población de 18 años y más que habita en áreas urbanas de cien mil habitantes y más"
1130,"Personas de 18 años y más que respondieron estar satisfechas y muy satisfechas con el servicio de alumbrado público"
1131,"Población de 18 años y más que habita en áreas urbanas de cien mil habitantes y más"
1133,"Personas de 18 años y más que respondieron estar satisfechas y muy satisfechas con el servicio de drenaje y alcantarillado"
1134,"Población de 18 años y más que habita en áreas urbanas de cien mil habitantes y más"
1136,"Personas de 18 años y más que respondieron estar satisfechas y muy satisfechas con los servicios públicos básicos"
1137,"Población de 18 años y más que habita en áreas urbanas de cien mil habitantes y más"
1139,"Personas de 18 años y más que respondieron estar satisfechas y muy satisfechas con el servicio de parques y jardines"
1140,"Población de 18 años y más que habita en áreas urbanas de cien mil habitantes y más"
1142,"Mujeres. Promedio de horas a la semana de quehaceres domésticos y de cuidados a integrantes del hogar"
1143,"Hombres. Promedio de horas a la semana de quehaceres domésticos y de cuidados a integrantes del hogar"
1144,"Mujeres. Total de de horas a la semana de quehaceres domésticos y de cuidados a integrantes del hogar"
1145,"Hombres. Total de horas a la semana de quehaceres domésticos y de cuidados a integrantes del hogar"
1146,"Total de mujeres que realiza quehaceres domésticos y de cuidados a integrantes del hogar"
1147,"Total de hombres que realiza quehaceres domésticos y de cuidados a integrantes del hogar"
1148,"Municipios y demarcaciones territoriales que disponen los residuos sólidos urbanos en sitios de disposición final con infraestructura para el control de la fuga de lixiviados y biogases"
1149,"Municipios y demarcaciones territoriales con disposición final de residuos sólidos urbanos"
1156,"Mujeres que realizaron trabajo no remunerado de los hogares"
1157,"Horas totales semanales de las mujeres que realizaron trabajo no remunerado de los hogares"
1158,"Promedio de horas semanales de mujeres"
1159,"Hombres que realizaron trabajo no remunerado de los hogares"
1160,"Horas totales semanales de las hombres que realizaron trabajo no remunerado de los hogares"
1161,"Promedio de horas semanales de hombres"
1164,"Población de 18 años y más bisexual, gay o lesbiana u otra orientación que declaró al menos la negación de un derecho"
1165,"Población de 18 años y más bisexual, gay o lesbiana u otra orientación"
1167,"Matrícula de escuelas multigrado de primaria"
1168,"Matrícula total de primaria"
1169,"Total de personas con discapacidad (15 a  130 años de edad)"
1170,"Población con discapacidad en la PEA (15 a 130 años de edad)"
1199,"Mujeres de 15 años y más que han experimentado al menos un incidente de violencia en la escuela en los últimos 12 meses"
1200,"Total de mujeres de 15 años y más que asistieron a la escuela en los últimos 12 meses."
1202,"Casos nuevos y repetidores que recibieron tratamiento médico para paludismo"
1203,"Casos nuevos y repetidores de paludismo detectados"
1205,"Población que vive hasta a 2 Km de distancia de la carretera o camino más cercano, transitable todo el año, en las zonas rurales"
1206,"Población total que vive en las zonas rurales"
1210,"Superficie de terrenos forestales que permanecen como tales en el año t"
1212,"Presupuesto Federal para Investigación Científica y Desarrollo Experimental asignado a la Secretaría de Marina"
1213,"Presupuesto Federal Total para investigación Científica y Desarrollo Experimental"
1215,"Volumen de agua concesionada o asignada para usos consuntivos"
1216,"Volumen de agua renovable, que integra el escurrimiento superficial y la recarga de acuíferos"
1217,"Producción"
1218,"Superficie de riego cosechada"
1227,"Número de pasajeros transportados en modo aéreo en servicio regular y de fletamento"
1228,"Número de pasajeros transportados en modo ferroviario"
1229,"Número de pasajeros transportados en autotransporte federal"
1230,"Número de pasajeros transportados en modo marítimo"
1232,"Número de toneladas transportadas en servicio regular y de fletamento"
1233,"Número de toneladas transportadas vía ferroviario"
1234,"Número de toneladas transportadas vía autotransporte federal"
1235,"Número de toneladas transportadas vía marítimo"
1240,"Total de residuos sólidos urbanos recolectados en los municipios y demarcaciones territoriales con disposición final adecuada"
1241,"Total de residuos sólidos urbanos recolectados"
1242,"Total de residuos sólidos urbanos recolectados susceptibles de valorización"
1243,"Total de residuos sólidos urbanos recolectados"
1246,"Población de 18 años y más que identifica a la Presidencia de la República y a las Secretarías de Estado a nivel federal y manifiesta que le inspiran mucha y algo de confianza"
1247,"Población de 18 años y más que identifica a la Presidencia de la República y a las Secretarías de Estado a nivel federal"
1249,"Matrícula total en la educación superior"
1250,"Población total de 18 a 22 años de edad"
1251,"Número de hogares con gasto catastrófico en salud"
1252,"Número total de hogares"
1258,"Población de un año de edad que recibió el esquema básico de vacunación en el año"
1259,"Población media de un año de edad"
1267,"Consumo nacional de energía"
1268,"Producto Interno Bruto trimestral anualizado, a precios constantes, base 2018"
1273,"Número de casos confirmados de paludismo"
1281,"Población de 18 años y más que ha sufrido violencia psicológica"
1283,"Población de 18 años y más que se siente muy segura o segura al caminar sola por la noche en los alrededores de su vivienda"
1284,"Población de 18 años y más"
1286,"Población de 18 años y más víctima de violencia física que denunció el hecho ante el Ministerio Público"
1287,"Población de 18 años y más víctima de violencia física"
1289,"Población de 18 años y más víctima de violencia psicológica que denunció el hecho ante el Ministerio Público"
1290,"Población de 18 años y más víctima de violencia psicológica"
1292,"Población de mujeres de 18 años y más víctimas de violencia sexual que denunciaron el hecho ante el Ministerio Público"
1293,"Población de mujeres de 18 años y más víctimas de violencia sexual"
1299,"Hogares según decil de ingreso corriente total"
1300,"Ingreso corriente total trimestral con transferencias"
1302,"Ingreso corriente total trimestral sin transferencias"
1303,"Remuneración de asalariados"
1305,"Gasto en protección ambiental público"
1306,"Población total"
1323,"Población de 15 años y más que está muy de acuerdo o algo de acuerdo con la afirmación "En México, para la toma de decisiones, el gobierno considera las opiniones de las personas como usted""
1324,"Población de 15 años y más que respondió con algún nivel de acuerdo o desacuerdo (excluye no sabe/no responde)"
1326,"Población de 18 años y más cuyos hijos e hijas fueron usuarios de servicios de educación primaria, secundaria o bachillerato que está muy satisfecha o satisfecha con el servicio recibido"
1327,"Población de 18 años y más, cuyos hijos e hijas fueron usuarios de servicios de educación primaria, secundaria o bachillerato, que habita en áreas urbanas de cien mil habitantes y más"
1329,"Población de 18 años y más usuaria del servicio de educación pública universitaria que está muy satisfecha o satisfecha con el servicio recibido"
1330,"Población de 18 años y más usuaria del servicio de educación pública universitaria que habita en áreas urbanas de cien mil habitantes y más"
1337,"Ocupantes de viviendas particulares ubicadas en localidades urbanas que habitan en viviendas precarias"
1338,"Total de ocupantes en viviendas particulares ubicadas en localidades urbanas"
1339,"Extensión total de áreas verdes urbanas para un territorio y un año específico"
1340,"Población urbana total para el territorio en un año específico"
1342,"Población privada de la libertad en los centros penitenciarios federales"
1343,"Capacidad instalada (camas disponibles) en los centros penitenciarios federales"
1345,"Población privada de la libertad en los centros penitenciarios estatatales"
1346,"Capacidad instalada (camas disponibles) en los centros penitenciarios estatales"
1353,"Viviendas en rezago habitacional"
1354,"Viviendas totales"
1356,"Población adulta que es dueña del lugar en donde vive y que cuenta con documentación legalmente reconocida"
1357,"Población adulta que es dueña del lugar en donde vive"
1359,"Mujeres ejidatarias registradas en el Registro Agrario Nacional"
1360,"Total de personas ejidatarias registradas en el Registro Agrario Nacional"
1362,"Población agrícola con derechos de propiedad o derechos seguros"
1363,"Población agrícola"
1365,"Mujeres agrícolas con derechos seguros sobre tierras agrícolas"
1366,"Población agricola con derechos sobre tierras agrícolas"
1380,"Población que tiene fácil acceso a transporte público y que no necesita otro medio para acceder al transporte público en sus traslados al trabajo"
1381,"Población que utiliza el transporte público para llegar a sus trabajos"
1400,"Número de indicadores únicos del Marco Global publicados"
1401,"Número de indicadores únicos del Marco Regional publicados"
1402,"Número de indicadores únicos del Marco Global aplicables a México"
1403,"Número de indicadores únicos del Marco Regional aplicables a México"
1410,"Tiempo dedicado al trabajo doméstico"
1411,"Proporción del Tiempo dedicado al trabajo doméstico"
1412,"Tiempo dedicado al cuidado no remunerado"
1413,"Proporción del Tiempo dedicado al cuidado no remunerado"
1415,"Tiempo dedicado al trabajo doméstico"
1416,"Proporción del Tiempo dedicado al trabajo doméstico"
1417,"Tiempo dedicado al cuidado no remunerado"
1418,"Proporción del Tiempo dedicado al cuidado no remunerado"
1420,"Tiempo dedicado al trabajo doméstico"
1421,"Proporción del Tiempo dedicado al trabajo doméstico"
1422,"Tiempo dedicado al cuidado no remunerado"
1423,"Proporción del Tiempo dedicado al cuidado no remunerado"
1434,"Mujeres de 15 años o más que han sufrido en los 12 meses anteriores algún tipo de violencia infligida por un compañero íntimo actual o anterior."
1435,"Mujeres de 15 años o más que han tenido pareja."
1437,"Mujeres que han sufrido en los 12 meses anteriores algún tipo de violencia infligida por un compañero íntimo actual o anterior"
1438,"Mujeres que han tenido pareja"
1439,"Mujeres de 15 años o más que han sufrido en los 12 meses anteriores violencia sexual infligida por otra persona que no sea un compañero íntimo"
1440,"Mujeres de 15 años o más que experimentaron violencia sexual por parte de un agresor distinto a la pareja en los últimos 12 meses"
1442,"Mujeres que han sufrido en los 12 meses anteriores, violencia sexual infligida por otra persona que no sea un compañero íntimo"
1443,"Mujeres que experimentaron violencia sexual por parte de un agresor distinto a la pareja en los últimos 12 meses"
1445,"Ingreso mensual de los ocupados"
1446,"Total de horas trabajadas"
1448,"Ingreso mensual de los ocupados"
1449,"Total de horas trabajadas"
1451,"Ingreso mensual de los ocupados"
1452,"Total de horas trabajadas"
1454,"Ingreso mensual de los ocupados"
1455,"Total de horas trabajadas"
1457,"Número de tablas correspondientes a la Cuenta Satélite de Turismo"
1458,"Número de tablas correspondientes al Sistema de Cuentas Ambientales y Económicas"
1465,"Tasa de consumo de tierras"
1466,"Tasa de crecimiento de la población"
1468,"Zonas metropolitanas que cuentan con un Consejo Consultivo de Desarrollo Metropolitano, donde tienen una estructura de participación directa de la sociedad civil en la planificación y la gestión urbanas y funcionan con regularidad y democráticamente"
1469,"Total de zonas metropolitanas"
1504,"Valores del numerador (A+B/C)"
1505,"Valores del denominador (D/E)"
1506,"A. Grupo poblacional de interés (sexo, rangos de edad) laborando en la AP federal y estatal (titulares)"
1507,"B. Grupo poblacional de interés (sexo, rangos de edad) laborando en la AP federal y estatal (resto del personal)"
1508,"C. Total de personal laborando en la AP federal y estatal"
1509,"D. Grupo poblacional de interés (sexo, rangos de edad) en edad de trabajar (18 a 70 años)"
1510,"E. Total de la población en edad de trabajar (18 a 70 años)"
1512,"Hijos sobrevivientes menores de 5 años cuyo nacimiento se ha registrado ante una autoridad civil"
1513,"Total de hijos sobrevivientes menores de 5 años"
1515,"Hijos sobrevivientes menores de 5 años cuyo nacimiento se ha registrado ante una autoridad civil"
1516,"Total de hijos sobrevivientes menores de 5 años"
1522,"Población que vive por debajo del 50% de la mediana de los ingresos, desglosada por sexo, edad y personas con discapacidad"
1523,"Población total"
1525,"Población que vive por debajo del 50% de la mediana de los ingresos, desglosada por sexo, edad y personas con discapacidad"
1526,"Población total"
1528,"Valores del numerador (A+B)/(C+D)"
1529,"Valores del denominador (E/F)"
1530,"A. Grupo poblacional de interés (sexo, rangos de edad) en el poder judicial (jueces y magistrados)"
1531,"B. Grupo poblacional de interés (sexo, rangos de edad) laborando en el poder judicial (secretarios, secretarios de estudio y cuenta y/o proyectistas)"
1532,"C. Total de Ministros y Magistrados laborando en los órganos jurisdiccionales del poder judicial"
1533,"D. Total de Secretarios, Secretarios de estudio y cuenta y/o proyectistas laborando en los órganos jurisdiccionales del poder judicial"
1534,"E. Grupo poblacional de interés (sexo, rangos de edad) en edad de trabajar (18 a 70 años)"
1535,"F. Total de la población en edad de trabajar (18 a 70 años)"
1540,"Población de hombres, mujeres y niños de todas las edades que viven en la pobreza en todas sus dimensiones, con arreglo a las definiciones nacionales, por desglose geográfico"
1541,"Población total"
1543,"Mujeres en edad fértil (15 a 49 años) unidas que deciden (individual o conjuntamente) sobre cuándo tener relaciones sexuales, el uso de métodos anticonceptivos y sobre el cuidado de se salud sexual y reproductiva (Mujeres)"
1544,"Mujeres en edad fértil (15 a 49 años) unidas"
1546,"Último hijo nacido vivo en el periodo de 2013 a 2018, tenido a la edad de 15 a 29 años, que no fue planificado"
1547,"Último hijo nacido vivo en el periodo de 2013 a 2018, tenido a la edad de 15 a 29 años"
1549,"Número de personas muertas debido a intoxicaciones involuntarias"
1550,"Población a mitad de año"
1553,"Superficie marina calculada cubierta por áreas naturales protegidas federales en el año t"
1554,"Superficie cubierta por la Zona Económica Exclusiva en el año t"
1556,"Superficie marina calculada cubierta por áreas naturales protegidas federales en el año t"
1557,"Superficie cubierta por la Zona Económica Exclusiva en el año t"
1559,"Total de hijos(as) nacidos(as) vivos(as) en las niñas y adolescentes (de 10 a 14 años)"
1560,"Niñas y adolescentes (de 10 a 14 años) a mitad de año"
1567,"Población de hombres, mujeres y niños de todas las edades que viven en la pobreza en todas sus dimensiones, con arreglo a las definiciones nacionales"
1568,"Población total"
1570,"Número de muertes atribuidas al agua insalubre, al saneamiento insuficiente y a la falta de higiene (exposición a servicios inseguros de agua, saneamiento e higiene para todos (WASH))"
1571,"Población a mitad de año"
1581,"Número de muertes por suicidio"
1582,"Población a mitad de año"
1585,"Mujeres entre 20 y 24 años que ya estaban casadas o en una unión estable antes de los 15 años (o antes de los 18 años)"
1586,"Total de mujeres entre 20 y 24 años de edad"
1588,"Mujeres entre 20 y 24 años que ya estaban casadas o en una unión estable antes de los 15 años (o antes de los 18 años)"
1589,"Total de mujeres entre 20 y 24 años de edad"
1591,"Población en situación de pobreza"
1592,"Población de referencia"
1604,"Jóvenes de 15 a 24 años que no estudian, no tienen empleo, no recibe capacitación, no usa su tiempo en actividades domésticas no remuneradas"
1605,"Total de jóvenes de 15 a 24 años"
1606,"Valor agregado bruto del sector de la cultura en términos reales del año t"
1608,"Número de personal sanitario"
1611,"Población que vive por debajo del umbral nacional de la pobreza, desglosada por sexo y edad"
1612,"Población total"
1614,"Valor agregado de las actividades económicas de MHT"
1615,"Valor agregado total de la manufactura"
1616,"Valor agregado bruto del sector de la cultura en términos reales del año t-1"
1618,"PIB a precios constantes base 2015 expresado en Paridad de Poder de Compra (dólares)"
1619,"Emisiones totales (Kg de CO<sub>2</sub>e)"
1620,"Emisiones de dióxido de carbono total por residuos (Kg de CO<sub>2</sub>e)"
1621,"Emisiones de dióxido de carbono total por agricultura, silvicultura y otros usos de la tierra (Kg de CO<sub>2</sub>e)"
1622,"Emisiones de dióxido de carbono total por procesos industriales y uso de productos (Kg de CO<sub>2</sub>e)"
1623,"Emisiones de dióxido de carbono total por energía (Kg de CO<sub>2</sub>e)"
1626,"Tiempo de traslado al trabajo (minutos por semana)"
1627,"Total de población de 15 años y más que se traslada al trabajo"
1628,"Población de niños y niñas menores de 5 años con talla baja para la edad (<-2Z)"
1629,"Total de niños y niñas menores de 5 años"
1631,"Tiempo de traslado al trabajo (minutos por semana)"
1632,"Total de población de 15 años y más que se traslada al trabajo"
1634,"Total de niños y niñas menores de 5 años con emaciación"
1635,"Total de niños y niñas menores de 5 años"
1637,"Total de niños y niñas menores de 5 años con sobrepeso u obesidad"
1638,"Total de niños y niñas menores de 5 años"
1640,"Total de niños y niñas menores de 5 años con malnutrición (emaciación más sobrepeso u obesidad)"
1641,"Total de niños y niñas menores de 5 años"
1643,"Población de 65 años o más que recibe una jubilación o pensión igual o mayor al valor promedio de la línea de pobreza por ingresos"
1644,"Población total de 65 años o más que recibe una  jubilación o pensión"
1646,"Mujeres en edad fértil (15 a 49 años) sexualmente activas que desean espaciar o limitar el nacimiento de próximos hijos(as), pero no hacen uso de método anticonceptivo alguno"
1647,"Mujeres en edad fértil (15 a 49 años) sexualmente activas"
1652,"Producción de electricidad de fuentes limpias y renovables"
1653,"Producción nacional total de energia"
1656,"Emisiones GEI sector Energía"
1657,"Emisiones GEI sector Procesos industriales y uso de productos"
1658,"Emisiones GEI sector Residuos"
1661,"Tiempo de traslado al trabajo (minutos por semana)"
1662,"Total de población de 15 años y más que se traslada al trabajo"
1663,"Población ocupada con hijos(as) de seis años o menos que tiene acceso a guarderías como prestación laboral"
1664,"Población total ocupada con hijos(as) de seis años o menos"
1666,"Tiempo de traslado al trabajo (minutos por semana)"
1667,"Total de población de 15 años y más que se traslada al trabajo"
1677,"Ingreso laboral total de la población de 12 años o más según sexo por entidad federativa"
1679,"Población de 12 años o más ocupada según sexo por entidad federativa"
1681,"Población con carencia por acceso a la alimentación nutritiva y de calidad"
1682,"Población de referencia"
1687,"Mujeres"
1688,"Hombres"
1699,"Población de 65 años o más que recibe una jubilación o pensión igual o mayor al valor promedio de la línea de pobreza por ingresos"
1700,"Población total de 65 años o más que recibe una  jubilación o pensión"
1702,"Población derechohabiente a las instituciones de seguridad social y de la población afiliada al Seguro Popular que se atiende en las instituciones públicas de salud y que no gastó en servicios médicos."
1703,"Población con acceso a servicios de salud en instituciones públicas"
1705,"Población con carencia por acceso a la alimentación nutritiva y de calidad"
1706,"Población de referencia"
1708,"Población que presenta carencia por acceso a la seguridad social"
1709,"Población de referencia"
1711,"Población cuyo tiempo de traslado a un hospital es menor a dos horas"
1712,"Población total"
1714,"Población ocupada con hijos(as) de seis años o menos que tiene acceso a guarderías como prestación laboral"
1715,"Población total ocupada con hijos(as) de seis años o menos"
1717,"Población con inseguridad alimentaria moderada o severa"
1718,"Población de referencia"
1720,"Población con inseguridad alimentaria moderada o severa"
1721,"Población de referencia"
1723,"Población en situación de pobreza"
1724,"Población de referencia"
1726,"Población en situación de pobreza"
1727,"Población de referencia"
1729,"Población que presenta carencia por acceso a la seguridad social"
1730,"Población de referencia"
1732,"Población que presenta carencia por acceso a los servicios de salud"
1733,"Población de referencia"
1735,"Población cuyo tiempo de traslado a un hospital es menor a dos horas"
1736,"Población total"
1738,"Población de 65 años o más que recibe una jubilación o pensión igual o mayor al valor promedio de la línea de pobreza por ingresos"
1739,"Población total de 65 años o más que recibe una  jubilación o pensión"
1741,"Población que presenta carencia por acceso a los servicios de salud"
1742,"Población de referencia"
1747,"Población con inseguridad alimentaria moderada o severa"
1748,"Población de referencia"
1760,"Población de 14 a 16 años que finalizó la educación primaria"
1761,"Población de 14 a 16 años"
1762,"Indice de finalización secundaria"
1763,"Población de 17 a 19 años que finalizó la educación secundaria"
1764,"Población de 17 a 19 años"
1765,"Indice de finalización preparatoria (Media superior)"
1766,"Población de 20 a 22 años que finalizó la educación preparatoria (Media superior)"
1767,"Población de 20 a 22 años"
1773,"PIB PPC por persona ocupada"
1774,"PIB anual Base 2018 a precios corrientes según el valor de la Paridad del Poder de Compra"
1775,"Población ocupada de 15 años y más"
1776,"Población de 18 a 70 años que tiene una cuenta en el banco u otra institución financiera"
1777,"Población total"
1779,"Población de 18 a 70 años que tiene una cuenta en el banco u otra institución financiera"
1780,"Población total"
1783,"Ocupados informales no agropecuarios"
1784,"Población ocupada no agropecuaria"
1786,"Población desocupada"
1787,"Población económicamente activa"
1789,"Población de 18 a 70 años que tiene una cuenta en el banco u otra institución financiera"
1790,"Población total"
1792,"Población de 18 a 70 años que tiene una cuenta en el banco u otra institución financiera"
1793,"Población total"
1795,"Desembolso internacional de la asistencia oficial para el desarrollo relacionados con el agua y el saneamiento, millones de pesos del año de cálculo"
1796,"Inversión que se destinan a las acciones de agua potable, drenaje y sanemiento en México, millones de pesos del año de cálculo"
1798,"Población ocupada en la industria manufacturera"
1799,"Población ocupada de 15 años y más"
1801,"Ocupados informales no agropecuarios"
1802,"Población ocupada no agropecuaria"
1804,"PIB PPC por persona ocupada"
1805,"PIB anual Base 2018 a precios corrientes según el valor de la Paridad del Poder de Compra"
1806,"Población ocupada de 15 años y más"
1808,"Población desocupada"
1809,"Población económicamente activa"
1811,"Población ocupada en la industria manufacturera"
1812,"Población ocupada de 15 años y más"
1814,"Total de la población con nuevas infecciones por VIH"
1815,"Total de la población no infectada"
1816,"Población a mitad de año"
1818,"Población de 14 a 16 años que finalizó la educación primaria"
1819,"Población de 14 a 16 años"
1820,"Población de 17 a 19 años que finalizó la educación secundaria"
1821,"Población de 17 a 19 años"
1822,"Población de 20 a 22 años que finalizó la educación preparatoria (Media superior)"
1823,"Población de 20 a 22 años"
1825,"Área total destinada a espacios abiertos en km<sup>2</sup>"
1826,"Área total urbana en km<sup>2</sup>"
1828,"Número de niños de 24 a 59 meses cuyo desarrollo es adecuado en cuanto a la salud, el aprendizaje y el bienestar psicosocial"
1829,"Número total de niños de 24 a 59 meses"
1831,"Total de jóvenes del grupo de edad"
1832,"Total de jóvenes ocupados del grupo de edad"
1833,"Total de jóvenes no ocupados del grupo de edad, pero que reciben educación o capacitación"
1834,"Promedio del ingreso corriente 2016 a precios de 2018, y 2018 a precios de 2020"
1835,"Promedio del ingreso corriente 2018 y de 2020"
1840,"Total de jóvenes del grupo de edad"
1841,"Total de jóvenes ocupados del grupo de edad"
1842,"Total de jóvenes no ocupados del grupo de edad pero que reciben educación o capacitación"
1844,"Mujeres en los cabildos municipales"
1845,"Total de mujeres y hombres en los cabildos municipales"
1847,"Mujeres en los congresos estatales"
1848,"Total de legisladoras y legisladores en los congresos estatales"
1850,"Mujeres presidentas municipales"
1851,"Total de presidentas y presidentes municipales"
1854,"Superficie de KBA dentro de ANP en zonas de montaña"
1855,"Superficie de AICA dentro de ANP en zonas de montaña"
1856,"Superficie de GAP Terrestre dentro de ANP en zonas de montaña"
1857,"Sumatoria de Superficie de Instrumentos (KBA, AICAS, GAP Terrestre) dentro de ANP en zonas de montaña"
1858,"Superficie nacional de sitios importantes para la biodiversidad de montaña: KBA,  AICA y GAP Terrestre"
1859,"Cantidad de ANP en zonas de montaña"
1862,"Número de Sitios RAMSAR"
1864,"Total de jóvenes del grupo de edad"
1865,"Total de jóvenes ocupados del grupo de edad"
1866,"Total de jóvenes no ocupados del grupo de edad, pero que reciben educación o capacitación"
1869,"Suma del ingreso promedio de los deciles I y II"
1870,"Suma del ingreso promedio de los deciles IX y X"
1871,"Población a mitad de año, proyecciones 2016-2050"
1872,"Capacidad Instalada acumulada"
1874,"INPC (2018=100, agosto de cada año)"
1875,"Deflactor(base 2020=100)"
1876,"Canasta mensual (1.25 dlls)"
1877,"PIB a precios corrientes"
1878,"Consumo privado a precios corrientes"
1879,"Propensión marginal a consumir (ConsPr/PIB)"
1880,"Población total"
1881,"Población en pobreza"
1883,"Número de Mujeres con al menos una hija o hijo nacida(o) viva(o)"
1884,"Total de mujeres de 15 a 19 años"
1892,"Superficie total de ANP en zonas de montaña"
1894,"Personas investigadoras con reconocimiento en el Sistema Nacional de Investigadoras e Investigadores"
1895,"Población total"
1900,"Número de especies del grupo taxonómico en alguna categoría de riesgo"
1901,"Número de especies conocidas del grupo taxonómico en México"
1903,"Población que tiene habilidades para el uso de la PC"
1904,"Población estimada al cierre del año"
1907,"Extracción doméstica de materiales"
1908,"Importaciones directas"
1909,"Exportaciones directas"
1911,"Consumo doméstico de materiales en términos absolutos"
1914,"Consumo doméstico de materiales en términos absolutos"
1917,"Valor agregado censal bruto de las unidades económicas manufactureras micro y pequeñas"
1918,"Total de Valor agregado censal bruto"
1920,"Número de unidades económicas manufactureras micro y pequeñas con financiamiento"
1921,"Total de unidades económicas micro y pequeñas de manufacturas"
1923,"Cantidad promedio diaria de RSU recolectados de manera selectiva"
1924,"Cantidad promedio diaria de RSU recolectados totales"
1926,"Desastres geofísicos"
1927,"Desastres relacionados con el cambio climático"
1929,"Población de 14 a 16 años que finalizó la educación primaria"
1930,"Población de 14 a 16 años"
1932,"Población de 17 a 19 años que finalizó la educación secundaria"
1933,"Población de 17 a 19 años"
1935,"Población de 20 a 22 años que finalizó la educación preparatoria (Media superior)"
1936,"Población de 20 a 22 años"
1938,"Tiempo de trabajo remunerado"
1939,"Tiempo de trabajo no remunerado"
1940,"Horas de trabajo remunerado y no remunerado combinados"
1941,"Horas de trabajo remunerado"
1942,"Horas de trabajo no remunerado"
1943,"Total de personas que declararon haber realizado algún tipo de trabajo (remunerado y/o no remunerado)"
1945,"Tiempo de trabajo remunerado"
1946,"Tiempo de trabajo no remunerado"
1947,"Horas de trabajo remunerado y no remunerado combinados"
1948,"Horas de trabajo remunerado"
1949,"Horas de trabajo no remunerado"
1950,"Total de personas que declararon haber realizado algún tipo de trabajo (remunerado y/o no remunerado)"
1952,"Tiempo de trabajo remunerado"
1953,"Tiempo de trabajo no remunerado"
1954,"Horas de trabajo remunerado y no remunerado combinados"
1955,"Horas de trabajo remunerado"
1956,"Horas de trabajo no remunerado"
1957,"Total de personas que declararon haber realizado algún tipo de trabajo (remunerado y/o no remunerado)"
1959,"Tiempo de trabajo remunerado"
1960,"Tiempo de trabajo no remunerado"
1961,"Horas de trabajo remunerado y no remunerado combinados"
1962,"Horas de trabajo remunerado"
1963,"Horas de trabajo no remunerado"
1964,"Total de personas que declararon haber realizado algún tipo de trabajo (remunerado y/o no remunerado)"
1965,"Población abarcada por una red móvil"
1966,"Población estimada al cierre del año"
1968,"Extracción doméstica de materiales"
1969,"Importaciones directas"
1970,"Exportaciones directas"
1972,"Consumo doméstico de materiales en términos absolutos"
1973,"Población total"
1975,"Consumo doméstico de materiales en términos absolutos"
1976,"PIB a precios de mercado"
1993,"Superficie terrestre calculada cubierta por áreas naturales protegidas federales en el año t"
1994,"Superficie terrestre nacional en el año t"
1996,"Superficie terrestre calculada cubierta por áreas naturales protegidas federales en el año t"
1997,"Superficie terrestre nacional en el año t"
1999,"Total de mujeres con anemia"
2000,"Total de mujeres"
2002,"Total de mujeres con anemia"
2003,"Total de mujeres"
2008,"Población de 18 años y más que declaro haberse sentido personalmente discriminada por algún motivo de discriminicación"
2009,"Población total de 18 años y más"
2010,"PIB a precios de mercado. Pesos a precios de 2018."
2011,"Población de 18 años y más"
2012,"Población de 18 años y más"
2013,"Población alfabeta"
2014,"Población de 15 años y más"
2016,"Población con agua entubada dentro de la vivienda con un servicio diario"
2017,"Población con agua entubada fuera de la vivienda, pero dentro del predio con un servicio diario"
2018,"Población que se abastece con captación de agua de lluvia"
2019,"Población que se abastece con llave pública o hidrante"
2020,"Población total residente en los hogares"
2022,"Población con drenaje conectado a la red pública y excusado propio"
2023,"Población con drenaje conectado a una fosa séptica y excusado propio"
2024,"Población total residente en los hogares"
2025,"Total de niños y niñas menores de 5 años con algún tipo de desnutrición (emaciación, insuficiencia ponderal o retraso en el crecimiento)"
2026,"Total de niños y niñas menores de 5 años"
2028,"Porcentaje de la población con sobrepeso y obesidad, desglosado por sexo y edad"
2029,"Población"
2031,"Porcentaje de la población con sobrepeso y obesidad"
2032,"Población"
2033,"Volumen de agua usada (millones de metros cúbicos)"
2034,"Valor agregado bruto (millones de pesos)"
2037,"Población de 15 a 24 años  alfabeta"
2038,"Población de 15 a 24 años"
2040,"Sumatoria de la concentración promedio anual estimada de PM<sub>2.5</sub> para cada Área Geoestadística Básica (AGEB) urbana i multiplicada por la población de cada AGEB urbana i, en la zona metropolitana j"
2041,"Población total de las AGEBS urbanas i, en la zona metropolitana j"
2043,"Sumatoria de la concentración promedio anual estimada de PM<sub>10</sub> para cada Área Geoestadística Básica (AGEB) urbana i multiplicada por la población de cada AGEB urbana i, en la zona metropolitana j"
2044,"Población total de las AGEBS urbanas i, en la zona metropolitana j"
2046,"Excedencia Acumulada de Partículas PM<sub>2.5</sub> (µg/m<sup>3</sup>) a lo largo de un año calendario, por estación de monitoreo, con respecto al valor crítico de concentración de 25 µg/m<sup>3</sup> de PM<sub>2.5</sub> recomendado por la OMS para protección de la salud de la población"
2047,"Número de estaciones de monitoreo"
2048,"Total de ANP que cumplen con el criterio (incrementan, mantienen o presentan pérdidas menores a 5% de su superficie con cobertura vegetal)"
2049,"Número de ANP decretadas federales consideradas en el análisis"
2051,"Excedencia Acumulada de Ozono (ppm) a lo largo de un año calendario, por estación de monitoreo, con respecto al valor crítico de concentración de 0.051 ppm de O<sub>3</sub> recomendado por la OMS para protección de la salud de la población"
2052,"Número de estaciones de monitoreo"
2054,"Población alfabeta de 15 a 24 años"
2055,"Población de 15 a 24 años"
2057,"Población alfabeta"
2058,"Población en el grupo de edad"
2059,"Superficie cosechada"
2060,"Volumen de producción obtenida"
2061,"Producción"
2062,"Importaciones"
2063,"Exportaciones"
2064,"Superficie sembrada fertilizada"
2065,"Emisión de dióxido de carbono por la quema de combustibles fósiles"
2066,"PIB anual en millones de dólares de EU a paridad de poder de compra corriente"
2074,"Población con agua entubada dentro de la vivienda con un servicio diario"
2075,"Población con agua entubada fuera de la vivienda pero dentro del predio con un servicio diario"
2076,"Población que se abastece con captación de agua de lluvia"
2077,"Población que se abastece con llave pública o hidrante"
2078,"Población total residente en los hogares"
2080,"Población con agua entubada dentro de la vivienda con un servicio diario"
2081,"Población con agua entubada fuera de la vivienda pero dentro del predio con un servicio diario"
2091,"Suma de valor ICA en el año t"
2092,"Total de ICA"
2093,"Población que se abastece con llave pública o hidrante"
2095,"Población que se abastece con captación de agua de lluvia"
2096,"Población total residente en los hogares"
2099,"Número de niñas y niños nacidos vivos que murieron durante los primeros 28 días de vida en el periodo t"
2100,"Total de niñas y niños nacidos vivos en el periodo t"
2101,"Población con agua entubada dentro de la vivienda con un servicio diario"
2102,"Población con agua entubada fuera de la vivienda pero dentro del predio con un servicio diario"
2103,"Población que se abastece con llave pública o hidrante"
2104,"Población que se abastece con captación de agua de lluvia"
2105,"Población total residente en los hogares"
2107,"Población con agua entubada dentro de la vivienda con un servicio diario"
2108,"Población con agua entubada fuera de la vivienda pero dentro del predio con un servicio diario"
2109,"Población que se abastece con llave pública o hidrante"
2110,"Población que se abastece con captación de agua de lluvia"
2111,"Población total residente en los hogares"
2112,"Valor total de los proyectos autorizados para recibir el Estímulo Fiscal a la Investigación y Desarrollo de Tecnología (EFIDT) en el año t"
2113,"Valor total del Estímulo Fiscal a la Investigación y Desarrollo de Tecnología (EFIDT) autorizado en el año t"
2115,"Población con agua entubada dentro de la vivienda con un servicio diario"
2116,"Población con agua entubada fuera de la vivienda pero dentro del predio con un servicio diario"
2117,"Población que se abastece con captación de agua de lluvia"
2118,"Población que se abastece con llave pública o hidrante"
2119,"Población total residente en los hogares"
2121,"Población con drenaje conectado a la red pública y excusado propio"
2122,"Población con drenaje conectado a una fosa séptica y excusado propio"
2123,"Población total residente en los hogares"
2125,"Población con drenaje conectado a la red pública y excusado propio"
2126,"Población con drenaje conectado a una fosa séptica y excusado propio"
2127,"Población total residente en los hogares"
2129,"Total de niños menores de 5 años con Hepatitis B notificados mediante el sistema de vigilancia convencional"
2130,"Total de niños y niñas  menores de 5 años"
2132,"Estimación de personas de 15 a 49 años con VIH en el año"
2133,"Población media de 15 a 49 años en el año"
2135,"Número de defunciones por VIH/SIDA"
2136,"Población a mitad de año"
2141,"Casos de enfermedades trasmitidas por vectores"
2142,"Población a mitad de año"
2143,"Población total"
2145,"Índice global de productividad laboral de la economía con base a la horas trabajadas"
2147,"Casos de enfermedades trasmitidas por vectores"
2148,"Población a mitad de año"
2150,"Población que presenta carencia por acceso a la seguridad social"
2151,"Población de referencia"
2153,"Población que presenta carencia por acceso a los servicios de salud"
2154,"Población de referencia"
2157,"Número de personas muertas por contaminación de los hogares y del aire ambiente"
2158,"Número total de personas"
2160,"Casos de tuberculosis"
2161,"Población total a mitad de año"
2163,"Casos de tuberculosis"
2164,"Población a mitad de año"
2166,"Casos de tuberculosis"
2167,"Población total a mitad de año"
2169,"Población que vive en hogares con acceso a los servicios básicos"
2170,"Población total"
2171,"Ingreso promedio per cápita de las personas"
2173,"Ingreso promedio per cápita de las personas"
2175,"Población que vive por debajo del umbral nacional de la pobreza, por desglose geográfico"
2176,"Población total"
2178,"Población con inseguridad alimentaria moderada o severa"
2179,"Población total"
2181,"Población con inseguridad alimentaria moderada o severa, por desglose geográfico"
2182,"Población total"
2186,"Población de hombres, mujeres y niños de todas las edades que viven en la pobreza en todas sus dimensiones, con arreglo a las definiciones nacionales, por desglose geográfico"
2187,"Población total"
2189,"Población sin carencia por acceso a la seguridad social, por desglose geográfico"
2190,"Población total"
2192,"Población sin carencia por acceso a la seguridad social, por desglose geográfico"
2193,"Población total"
2195,"Población que vive por debajo del umbral nacional de la pobreza, por desglose geográfico (Entidad federativa)"
2196,"Población total"
2198,"Tasa de participación en el aprendizaje organizado - Mujeres"
2199,"Tasa de participación en el aprendizaje organizado - Hombres"
2201,"Tasa de participación de los jóvenes y adultos en la enseñanza y formación académica y no académica - Mujeres"
2202,"Tasa de participación de los jóvenes y adultos en la enseñanza y formación académica y no académica - Hombres"
2204,"Tasa bruta matriculación de educación superior – Mujeres"
2205,"Tasa bruta matriculación de educación superior - Hombres"
2207,"Porcentaje de población que alcanza por lo menos un nivel fijo de competencia funcional en alfabetización - Mujeres"
2208,"Porcentaje de población que alcanza por lo menos un nivel fijo de competencia funcional en alfabetización - Hombres"
2210,"Proporción del profesorado que ha recibido al menos la mínima formación docente organizada previa al empleo o en el empleo exigida para impartir enseñanza - Mujeres"
2211,"Proporción del profesorado que ha recibido al menos la mínima formación docente organizada previa al empleo o en el empleo exigida para impartir enseñanza - Hombres"
2213,"Porcentaje de alumnos que asisten a escuelas de organización escolar multigrado – Mujeres"
2214,"Porcentaje de alumnos que asisten a escuelas de organización escolar multigrado - Hombres"
2216,"Subvenciones de asisitencia oficial que se centran en la reducción de la pobreza"
2217,"Total del ingreso nacional bruto del país"
2225,"Total de Gobiernos locales que adoptan y aplican estrategias de reducción del riesgo de desastres"
2226,"Total de Gobiernos locales"
2228,"Defunciones de personas de 30 a 69 años por enfermedades no transmisibles"
2229,"Población de 30 a 69 años a mitad de periodo"
2230,"Adultos (de 15 años o más) con una cuenta en un banco u otra institución financiera con un proveedor de servicios monetarios en México"
2231,"Total de adultos (de 15 años y más) en México"
2233,"Mujeres ocupadas como funcionarias y directivas"
2234,"Población ocupada como funcionaria o directiva"
